
--table creation and primary key
CREATE TABLE contains (
    monstercode NUMBER(5) NOT NULL,
    dungeoncode NUMBER(5) NOT NULL
);

ALTER TABLE contains ADD CONSTRAINT contains_pk PRIMARY KEY ( monstercode,
                                                              dungeoncode );

CREATE TABLE dungeon (
    dungeoncode          NUMBER(5) NOT NULL,
    difficultylevel      NUMBER(1) NOT NULL,
    minmonstercount      INTEGER NOT NULL,
    maxmonstercount      INTEGER NOT NULL,
    refreshcooldowntimer INTEGER,
    ownerid              NUMBER(5),
    bosscode             NUMBER(5) NOT NULL,
    regioncode           NUMBER(5) NOT NULL
);

CREATE UNIQUE INDEX dungeon__idx ON
    dungeon (
        bosscode
    ASC );
    
drop index dungeon__idx;

ALTER TABLE dungeon ADD CONSTRAINT dungeon_pk PRIMARY KEY ( dungeoncode );

CREATE TABLE gem (
    gemcode NUMBER(1) NOT NULL,
    value   INTEGER NOT NULL,
    color   VARCHAR2(20) NOT NULL
);

ALTER TABLE gem ADD CONSTRAINT gem_pk PRIMARY KEY ( gemcode );

CREATE TABLE guide_helper (
    employeeid NUMBER(5) NOT NULL,
    rank       NUMBER(1) NOT NULL,
    commission INTEGER NOT NULL,
    clientid   NUMBER(5)
);

CREATE UNIQUE INDEX guide_helper__idx ON
    guide_helper (
        clientid
    ASC );

ALTER TABLE guide_helper ADD CONSTRAINT guide_helper_pk PRIMARY KEY ( employeeid );

CREATE TABLE guild (
    guildid        NUMBER(5) NOT NULL,
    name           VARCHAR2(30) NOT NULL,
    factionelement VARCHAR2(15),
    guildleaderid  NUMBER(5) NOT NULL,
    regioncode     NUMBER(5) NOT NULL
);

CREATE UNIQUE INDEX guild__idx ON
    guild (
        guildleaderid
    ASC );

ALTER TABLE guild ADD CONSTRAINT guild_pk PRIMARY KEY ( guildid );

CREATE TABLE hunter (
    hunterid      NUMBER(5) NOT NULL,
    name          VARCHAR2(30) NOT NULL,
    class         VARCHAR2(15) NOT NULL,
    rank          NUMBER(1) NOT NULL,
    datejoined    DATE NOT NULL,
    questscleared INTEGER NOT NULL,
    mainweapon    VARCHAR2(20),
    guildid       NUMBER(5)
);

ALTER TABLE hunter ADD CONSTRAINT hunter_pk PRIMARY KEY ( hunterid );

CREATE TABLE hunter_association_branch (
    branchid   NUMBER(5) NOT NULL,
    regioncode NUMBER(5) NOT NULL
);

CREATE UNIQUE INDEX hunter_association_branch__idx ON
    hunter_association_branch (
        regioncode
    ASC );

ALTER TABLE hunter_association_branch ADD CONSTRAINT hunter_association_branch_pk PRIMARY KEY ( branchid );

CREATE TABLE hunter_association_employee (
    employeeid NUMBER(5) NOT NULL,
    name       VARCHAR2(30) NOT NULL,
    salary     INTEGER NOT NULL,
    hiredate   DATE NOT NULL,
    branchid   NUMBER(5) NOT NULL,
    emptype    INTEGER NOT NULL
);

ALTER TABLE hunter_association_employee ADD CONSTRAINT hunter_association_employee_pk PRIMARY KEY ( employeeid );

CREATE TABLE monster (
    monstercode     NUMBER(5) NOT NULL,
    nametype        VARCHAR2(30) NOT NULL,
    difficultylevel NUMBER(1) NOT NULL,
    healthpoints    INTEGER NOT NULL,
    weapon          VARCHAR2(20),
    isboss          CHAR(1) NOT NULL,
    basedamage      INTEGER NOT NULL,
    monstercorecode NUMBER(1) NOT NULL
);

ALTER TABLE monster ADD CONSTRAINT monster_pk PRIMARY KEY ( monstercode );

CREATE TABLE receptionist (
    employeeid         NUMBER(5) NOT NULL,
    authorizationlevel NUMBER(1) NOT NULL
);

ALTER TABLE receptionist ADD CONSTRAINT receptionist_pk PRIMARY KEY ( employeeid );

CREATE TABLE region (
    regioncode NUMBER(5) NOT NULL,
    regionname VARCHAR2(30) NOT NULL
);

ALTER TABLE region ADD CONSTRAINT region_pk PRIMARY KEY ( regioncode );

CREATE TABLE skill_moves (
    skillmove   VARCHAR2(25) NOT NULL,
    monstercode NUMBER(5) NOT NULL
);

ALTER TABLE skill_moves ADD CONSTRAINT skill_moves_pk PRIMARY KEY ( skillmove,
                                                                    monstercode );

CREATE TABLE special_abilities (
    specialability VARCHAR2(25) NOT NULL,
    hunterid       NUMBER(5) NOT NULL
);

ALTER TABLE special_abilities ADD CONSTRAINT special_abilities_pk PRIMARY KEY ( specialability,
                                                                                hunterid );


--add other constraints
alter table Dungeon add constraint dg_monster_count_ck check (MaxMonsterCount > MinMonsterCount);
alter table Hunter_Association_Employee add constraint emp_emptype_data_ck check (EmpType in (1,2));
alter table Receptionist add constraint recep_auth_data_ck check (AuthorizationLevel in (1,2)); 

--insert data
SET DEFINE OFF

INSERT INTO GUILD (GUILDID, NAME, FACTIONELEMENT, GUILDLEADERID, REGIONCODE) 
VALUES (30001, 'Fairy Tail', 'Fire', 20001, 10001);

INSERT INTO GUILD (GUILDID, NAME, FACTIONELEMENT, GUILDLEADERID, REGIONCODE) 
VALUES (30002, 'Sabertooth', 'Wind', 20002, 10001);

INSERT INTO GUILD (GUILDID, NAME, FACTIONELEMENT, GUILDLEADERID, REGIONCODE) 
VALUES (30003, 'Crime Sorciere', 'Earth', 20003, 10001);

INSERT INTO GUILD (GUILDID, NAME, FACTIONELEMENT, GUILDLEADERID, REGIONCODE) 
VALUES (30004, 'Lamia Scale', 'Water', 20004, 10002);

INSERT INTO GUILD (GUILDID, NAME, FACTIONELEMENT, GUILDLEADERID, REGIONCODE) 
VALUES (30005, 'Raven Tail', 'Earth', 20005, 10002);

INSERT INTO GUILD (GUILDID, NAME, FACTIONELEMENT, GUILDLEADERID, REGIONCODE) 
VALUES (30006, 'Blue Pegasus', 'Wind', 20006, 10002);

INSERT INTO GUILD (GUILDID, NAME, FACTIONELEMENT, GUILDLEADERID, REGIONCODE) 
VALUES (30007, 'Mermaid Heel', 'Water', 20007, 10003);

INSERT INTO GUILD (GUILDID, NAME, FACTIONELEMENT, GUILDLEADERID, REGIONCODE) 
VALUES (30008, 'Phantom Lord', 'Earth', 20008, 10003);

INSERT INTO GUILD (GUILDID, NAME, FACTIONELEMENT, GUILDLEADERID, REGIONCODE) 
VALUES (30009, 'Quatro Cerberus', 'Fire', 20009, 10003);

INSERT INTO DUNGEON (DUNGEONCODE, DIFFICULTYLEVEL, MINMONSTERCOUNT, MAXMONSTERCOUNT, REFRESHCOOLDOWNTIMER, OWNERID, BOSSCODE, REGIONCODE) 
VALUES (50001, 9, 50, 110, 60, NULL, 40001, 10001);

INSERT INTO DUNGEON (DUNGEONCODE, DIFFICULTYLEVEL, MINMONSTERCOUNT, MAXMONSTERCOUNT, REFRESHCOOLDOWNTIMER, OWNERID, BOSSCODE, REGIONCODE) 
VALUES (50002, 7, 40, 80, 30, 30001, 40002, 10001);

INSERT INTO DUNGEON (DUNGEONCODE, DIFFICULTYLEVEL, MINMONSTERCOUNT, MAXMONSTERCOUNT, REFRESHCOOLDOWNTIMER, OWNERID, BOSSCODE, REGIONCODE) 
VALUES (50003, 6, 70, 250, 120, 30002, 40003, 10002);

INSERT INTO DUNGEON (DUNGEONCODE, DIFFICULTYLEVEL, MINMONSTERCOUNT, MAXMONSTERCOUNT, REFRESHCOOLDOWNTIMER, OWNERID, BOSSCODE, REGIONCODE) 
VALUES (50004, 5, 30, 50, 30, NULL, 40004, 10002);

INSERT INTO DUNGEON (DUNGEONCODE, DIFFICULTYLEVEL, MINMONSTERCOUNT, MAXMONSTERCOUNT, REFRESHCOOLDOWNTIMER, OWNERID, BOSSCODE, REGIONCODE) 
VALUES (50005, 3, 10, 60, 20, 30008, 40005, 10003);

INSERT INTO DUNGEON (DUNGEONCODE, DIFFICULTYLEVEL, MINMONSTERCOUNT, MAXMONSTERCOUNT, REFRESHCOOLDOWNTIMER, OWNERID, BOSSCODE, REGIONCODE) 
VALUES (50006, 2, 10, 40, 20, NULL, 40006, 10003);

INSERT INTO GUIDE_HELPER (EMPLOYEEID, RANK, COMMISSION, CLIENTID) 
VALUES (60004, 7, 40, 20005);

INSERT INTO GUIDE_HELPER (EMPLOYEEID, RANK, COMMISSION, CLIENTID) 
VALUES (60005, 6, 30, 20012);

INSERT INTO GUIDE_HELPER (EMPLOYEEID, RANK, COMMISSION, CLIENTID) 
VALUES (60006, 5, 30, 20004);

INSERT INTO GUIDE_HELPER (EMPLOYEEID, RANK, COMMISSION, CLIENTID) 
VALUES (60007, 4, 20, 20021);

INSERT INTO GUIDE_HELPER (EMPLOYEEID, RANK, COMMISSION, CLIENTID) 
VALUES (60008, 3, 20, 20023);

INSERT INTO GUIDE_HELPER (EMPLOYEEID, RANK, COMMISSION, CLIENTID) 
VALUES (60009, 2, 20, 20051);

INSERT INTO GEM (GEMCODE, VALUE, COLOR) 
VALUES (1, 6000, 'Red');

INSERT INTO GEM (GEMCODE, VALUE, COLOR) 
VALUES (2, 500, 'Blue');

INSERT INTO GEM (GEMCODE, VALUE, COLOR) 
VALUES (3, 900, 'Green');

INSERT INTO GEM (GEMCODE, VALUE, COLOR) 
VALUES (4, 2000, 'Purple');

INSERT INTO GEM (GEMCODE, VALUE, COLOR) 
VALUES (5, 300, 'Orange');

INSERT INTO HUNTER (HUNTERID, NAME, CLASS, RANK, DATEJOINED, QUESTSCLEARED, MAINWEAPON, GUILDID) 
VALUES (20001, 'Akshan', 'Ranger', 8, to_date('24-Sep-2001', 'DD-MON-RR'), 35, 'Crossbow', 30001);

INSERT INTO HUNTER (HUNTERID, NAME, CLASS, RANK, DATEJOINED, QUESTSCLEARED, MAINWEAPON, GUILDID) 
VALUES (20002, 'Aatrox', 'Warrior', 9, to_date('24-Sep-2001', 'DD-MON-RR'), 46, 'Longsword', 30002);

INSERT INTO HUNTER (HUNTERID, NAME, CLASS, RANK, DATEJOINED, QUESTSCLEARED, MAINWEAPON, GUILDID) 
VALUES (20003, 'Aphelios', 'Ranger', 7, to_date('24-Sep-2001', 'DD-MON-RR'), 78, 'Rifle', 30003);

INSERT INTO HUNTER (HUNTERID, NAME, CLASS, RANK, DATEJOINED, QUESTSCLEARED, MAINWEAPON, GUILDID) 
VALUES (20004, 'Azir', 'Mage', 9, to_date('24-Sep-2001', 'DD-MON-RR'), 45, 'Staff', 30004);

INSERT INTO HUNTER (HUNTERID, NAME, CLASS, RANK, DATEJOINED, QUESTSCLEARED, MAINWEAPON, GUILDID) 
VALUES (20005, 'Braum', 'Tank', 9, to_date('24-Sep-2001', 'DD-MON-RR'), 32, 'Shield', 30005);

INSERT INTO HUNTER (HUNTERID, NAME, CLASS, RANK, DATEJOINED, QUESTSCLEARED, MAINWEAPON, GUILDID) 
VALUES (20006, 'Darius', 'Warrior', 8, to_date('24-Sep-2001', 'DD-MON-RR'), 24, 'Axe', 30006);

INSERT INTO HUNTER (HUNTERID, NAME, CLASS, RANK, DATEJOINED, QUESTSCLEARED, MAINWEAPON, GUILDID) 
VALUES (20007, 'Dr. Mundo', 'Tank', 8, to_date('24-Sep-2001', 'DD-MON-RR'), 56, 'Cleaver', 30007);

INSERT INTO HUNTER (HUNTERID, NAME, CLASS, RANK, DATEJOINED, QUESTSCLEARED, MAINWEAPON, GUILDID) 
VALUES (20008, 'Fiora', 'Warrior', 7, to_date('24-Sep-2001', 'DD-MON-RR'), 61, 'Rapier', 30008);

INSERT INTO HUNTER (HUNTERID, NAME, CLASS, RANK, DATEJOINED, QUESTSCLEARED, MAINWEAPON, GUILDID) 
VALUES (20009, 'Garen', 'Warrior', 8, to_date('24-Sep-2001', 'DD-MON-RR'), 25, 'Broadsword', 30009);

INSERT INTO HUNTER (HUNTERID, NAME, CLASS, RANK, DATEJOINED, QUESTSCLEARED, MAINWEAPON, GUILDID) 
VALUES (20010, 'Ezreal', 'Ranger', 9, to_date('24-Sep-2001', 'DD-MON-RR'), 36, 'Gauntlet', 30005);

INSERT INTO HUNTER (HUNTERID, NAME, CLASS, RANK, DATEJOINED, QUESTSCLEARED, MAINWEAPON, GUILDID) 
VALUES (20011, 'Ekko', 'Assassin', 9, to_date('24-Sep-2001', 'DD-MON-RR'), 14, 'Sword', 30005);

INSERT INTO HUNTER (HUNTERID, NAME, CLASS, RANK, DATEJOINED, QUESTSCLEARED, MAINWEAPON, GUILDID) 
VALUES (20012, 'Galio', 'Tank', 4, to_date('24-Sep-2001', 'DD-MON-RR'), 74, NULL, 30001);

INSERT INTO HUNTER (HUNTERID, NAME, CLASS, RANK, DATEJOINED, QUESTSCLEARED, MAINWEAPON, GUILDID) 
VALUES (20013, 'Draven', 'Ranger', 6, to_date('24-Sep-2001', 'DD-MON-RR'), 85, 'Axes', 30001);

INSERT INTO HUNTER (HUNTERID, NAME, CLASS, RANK, DATEJOINED, QUESTSCLEARED, MAINWEAPON, GUILDID) 
VALUES (20014, 'Gragas', 'Tank', 7, to_date('24-Sep-2001', 'DD-MON-RR'), 69, 'Barrel', 30002);

INSERT INTO HUNTER (HUNTERID, NAME, CLASS, RANK, DATEJOINED, QUESTSCLEARED, MAINWEAPON, GUILDID) 
VALUES (20015, 'Graves', 'Assassin', 9, to_date('14-Jun-2002', 'DD-MON-RR'), 36, 'Shotgun', 30002);

INSERT INTO HUNTER (HUNTERID, NAME, CLASS, RANK, DATEJOINED, QUESTSCLEARED, MAINWEAPON, GUILDID) 
VALUES (20016, 'Gwen', 'Warrior', 5, to_date('8-Dec-2004', 'DD-MON-RR'), 25, 'Scissors', 30004);

INSERT INTO HUNTER (HUNTERID, NAME, CLASS, RANK, DATEJOINED, QUESTSCLEARED, MAINWEAPON, GUILDID) 
VALUES (20017, 'Illaoi', 'Warrior', 3, to_date('8-Dec-2004', 'DD-MON-RR'), 14, 'Jar', 30003);

INSERT INTO HUNTER (HUNTERID, NAME, CLASS, RANK, DATEJOINED, QUESTSCLEARED, MAINWEAPON, GUILDID) 
VALUES (20018, 'Irelia', 'Assassin', 4, to_date('14-Jun-2002', 'DD-MON-RR'), 12, 'Blade', 30003);

INSERT INTO HUNTER (HUNTERID, NAME, CLASS, RANK, DATEJOINED, QUESTSCLEARED, MAINWEAPON, GUILDID) 
VALUES (20019, 'Janna', 'Mage', 1, to_date('14-Jun-2002', 'DD-MON-RR'), 23, NULL, 30006);

INSERT INTO HUNTER (HUNTERID, NAME, CLASS, RANK, DATEJOINED, QUESTSCLEARED, MAINWEAPON, GUILDID) 
VALUES (20020, 'Jayce', 'Warrior', 6, to_date('24-Sep-2001', 'DD-MON-RR'), 45, 'Hammer', 30007);

INSERT INTO HUNTER (HUNTERID, NAME, CLASS, RANK, DATEJOINED, QUESTSCLEARED, MAINWEAPON, GUILDID) 
VALUES (20021, 'Jhin', 'Ranger', 4, to_date('14-Jun-2002', 'DD-MON-RR'), 56, 'Rifle', 30005);

INSERT INTO HUNTER (HUNTERID, NAME, CLASS, RANK, DATEJOINED, QUESTSCLEARED, MAINWEAPON, GUILDID) 
VALUES (20022, 'Kalista', 'Ranger', 2, to_date('14-Jun-2002', 'DD-MON-RR'), 78, 'Spear', 30002);

INSERT INTO HUNTER (HUNTERID, NAME, CLASS, RANK, DATEJOINED, QUESTSCLEARED, MAINWEAPON, GUILDID) 
VALUES (20023, 'Kassadin', 'Mage', 3, to_date('24-Sep-2001', 'DD-MON-RR'), 45, 'Gauntlet', 30005);

INSERT INTO HUNTER (HUNTERID, NAME, CLASS, RANK, DATEJOINED, QUESTSCLEARED, MAINWEAPON, GUILDID) 
VALUES (20024, 'Kayn', 'Assassin', 1, to_date('14-Jun-2002', 'DD-MON-RR'), 1, 'Scythe', 30006);

INSERT INTO HUNTER (HUNTERID, NAME, CLASS, RANK, DATEJOINED, QUESTSCLEARED, MAINWEAPON, GUILDID) 
VALUES (20025, 'Kennen', 'Mage', 5, to_date('8-Dec-2004', 'DD-MON-RR'), 21, 'Shuriken', 30002);

INSERT INTO HUNTER (HUNTERID, NAME, CLASS, RANK, DATEJOINED, QUESTSCLEARED, MAINWEAPON, GUILDID) 
VALUES (20026, 'Lucian', 'Ranger', 1, to_date('14-Jun-2002', 'DD-MON-RR'), 3, 'Dual Pistols', 30005);

INSERT INTO HUNTER (HUNTERID, NAME, CLASS, RANK, DATEJOINED, QUESTSCLEARED, MAINWEAPON, GUILDID) 
VALUES (20027, 'Milio', 'Mage', 1, to_date('24-Sep-2001', 'DD-MON-RR'), 5, 'Gourd', 30002);

INSERT INTO HUNTER (HUNTERID, NAME, CLASS, RANK, DATEJOINED, QUESTSCLEARED, MAINWEAPON, GUILDID) 
VALUES (20028, 'Morgana', 'Mage', 1, to_date('8-Dec-2004', 'DD-MON-RR'), 6, NULL, 30007);

INSERT INTO HUNTER (HUNTERID, NAME, CLASS, RANK, DATEJOINED, QUESTSCLEARED, MAINWEAPON, GUILDID) 
VALUES (20029, 'Nautilus', 'Tank', 1, to_date('14-Jun-2002', 'DD-MON-RR'), 9, 'Anchor', 30003);

INSERT INTO HUNTER (HUNTERID, NAME, CLASS, RANK, DATEJOINED, QUESTSCLEARED, MAINWEAPON, GUILDID) 
VALUES (20030, 'Nidalee', 'Assassin', 1, to_date('24-Sep-2001', 'DD-MON-RR'), 8, 'Spear', 30006);

INSERT INTO HUNTER (HUNTERID, NAME, CLASS, RANK, DATEJOINED, QUESTSCLEARED, MAINWEAPON, GUILDID) 
VALUES (20031, 'Nilah', 'Ranger', 2, to_date('14-Jun-2002', 'DD-MON-RR'), 7, NULL, 30008);

INSERT INTO HUNTER (HUNTERID, NAME, CLASS, RANK, DATEJOINED, QUESTSCLEARED, MAINWEAPON, GUILDID) 
VALUES (20032, 'Olaf', 'Warrior', 2, to_date('14-Jun-2002', 'DD-MON-RR'), 5, 'Axes', 30002);

INSERT INTO HUNTER (HUNTERID, NAME, CLASS, RANK, DATEJOINED, QUESTSCLEARED, MAINWEAPON, GUILDID) 
VALUES (20033, 'Ornn', 'Tank', 9, to_date('14-Jun-2002', 'DD-MON-RR'), 9, 'Hammer', 30007);

INSERT INTO HUNTER (HUNTERID, NAME, CLASS, RANK, DATEJOINED, QUESTSCLEARED, MAINWEAPON, GUILDID) 
VALUES (20034, 'Pantheon', 'Warrior', 8, to_date('24-Sep-2001', 'DD-MON-RR'), 4, 'Spear', 30005);

INSERT INTO HUNTER (HUNTERID, NAME, CLASS, RANK, DATEJOINED, QUESTSCLEARED, MAINWEAPON, GUILDID) 
VALUES (20035, 'Pyke', 'Assassin', 7, to_date('14-Jun-2002', 'DD-MON-RR'), 1, 'Shiv', 30005);

INSERT INTO HUNTER (HUNTERID, NAME, CLASS, RANK, DATEJOINED, QUESTSCLEARED, MAINWEAPON, GUILDID) 
VALUES (20036, 'Qiyana', 'Assassin', 6, to_date('8-Dec-2004', 'DD-MON-RR'), 2, 'Hula Hoop', 30007);

INSERT INTO HUNTER (HUNTERID, NAME, CLASS, RANK, DATEJOINED, QUESTSCLEARED, MAINWEAPON, GUILDID) 
VALUES (20037, 'Rakan', 'Tank', 5, to_date('24-Sep-2001', 'DD-MON-RR'), 3, NULL, 30001);

INSERT INTO HUNTER (HUNTERID, NAME, CLASS, RANK, DATEJOINED, QUESTSCLEARED, MAINWEAPON, GUILDID) 
VALUES (20038, 'Quinn', 'Ranger', 4, to_date('14-Jun-2002', 'DD-MON-RR'), 2, 'Crossbow', 30005);

INSERT INTO HUNTER (HUNTERID, NAME, CLASS, RANK, DATEJOINED, QUESTSCLEARED, MAINWEAPON, GUILDID) 
VALUES (20039, 'Rell', 'Tank', 3, to_date('8-Dec-2004', 'DD-MON-RR'), 1, 'Lance', 30001);

INSERT INTO HUNTER (HUNTERID, NAME, CLASS, RANK, DATEJOINED, QUESTSCLEARED, MAINWEAPON, GUILDID) 
VALUES (20040, 'Riven', 'Assassin', 3, to_date('14-Jun-2002', 'DD-MON-RR'), 2, 'Broken Blade', 30007);

INSERT INTO HUNTER (HUNTERID, NAME, CLASS, RANK, DATEJOINED, QUESTSCLEARED, MAINWEAPON, GUILDID) 
VALUES (20041, 'Samira', 'Ranger', 3, to_date('14-Jun-2002', 'DD-MON-RR'), 1, 'Gun', 30001);

INSERT INTO HUNTER (HUNTERID, NAME, CLASS, RANK, DATEJOINED, QUESTSCLEARED, MAINWEAPON, GUILDID) 
VALUES (20042, 'Sejuani', 'Tank', 2, to_date('14-Jun-2002', 'DD-MON-RR'), 2, 'Chained Mace', 30009);

INSERT INTO HUNTER (HUNTERID, NAME, CLASS, RANK, DATEJOINED, QUESTSCLEARED, MAINWEAPON, GUILDID) 
VALUES (20043, 'Sivir', 'Ranger', 2, to_date('24-Sep-2001', 'DD-MON-RR'), 8, 'Glaive', 30009);

INSERT INTO HUNTER (HUNTERID, NAME, CLASS, RANK, DATEJOINED, QUESTSCLEARED, MAINWEAPON, GUILDID) 
VALUES (20044, 'Talon', 'Assassin', 2, to_date('14-Jun-2002', 'DD-MON-RR'), 7, 'Blades', 30009);

INSERT INTO HUNTER (HUNTERID, NAME, CLASS, RANK, DATEJOINED, QUESTSCLEARED, MAINWEAPON, GUILDID) 
VALUES (20045, 'Taliyah', 'Mage', 4, to_date('8-Dec-2004', 'DD-MON-RR'), 7, 'Rocks', 30009);

INSERT INTO HUNTER (HUNTERID, NAME, CLASS, RANK, DATEJOINED, QUESTSCLEARED, MAINWEAPON, GUILDID) 
VALUES (20046, 'Taric', 'Tank', 4, to_date('24-Sep-2001', 'DD-MON-RR'), 4, 'Hammer', 30008);

INSERT INTO HUNTER (HUNTERID, NAME, CLASS, RANK, DATEJOINED, QUESTSCLEARED, MAINWEAPON, GUILDID) 
VALUES (20047, 'Varus', 'Ranger', 5, to_date('24-Sep-2001', 'DD-MON-RR'), 5, 'Bow', 30004);

INSERT INTO HUNTER (HUNTERID, NAME, CLASS, RANK, DATEJOINED, QUESTSCLEARED, MAINWEAPON, GUILDID) 
VALUES (20048, 'Viego', 'Warrior', 5, to_date('8-Dec-2004', 'DD-MON-RR'), 6, 'Longsword', 30002);

INSERT INTO HUNTER (HUNTERID, NAME, CLASS, RANK, DATEJOINED, QUESTSCLEARED, MAINWEAPON, GUILDID) 
VALUES (20049, 'Viktor', 'Mage', 6, to_date('24-Sep-2001', 'DD-MON-RR'), 9, 'Staff', 30008);

INSERT INTO HUNTER (HUNTERID, NAME, CLASS, RANK, DATEJOINED, QUESTSCLEARED, MAINWEAPON, GUILDID) 
VALUES (20050, 'Wukong', 'Warrior', 7, to_date('8-Dec-2004', 'DD-MON-RR'), 11, 'Boa', 30006);

INSERT INTO HUNTER (HUNTERID, NAME, CLASS, RANK, DATEJOINED, QUESTSCLEARED, MAINWEAPON, GUILDID) 
VALUES (20051, 'Yasuo', 'Warrior', 1, to_date('14-Jun-2002', 'DD-MON-RR'), 16, 'Katana', 30004);

INSERT INTO HUNTER (HUNTERID, NAME, CLASS, RANK, DATEJOINED, QUESTSCLEARED, MAINWEAPON, GUILDID) 
VALUES (20052, 'Zyra', 'Mage', 2, to_date('8-Dec-2004', 'DD-MON-RR'), 18, NULL, 30003);

INSERT INTO HUNTER_ASSOCIATION_BRANCH (BRANCHID, REGIONCODE) 
VALUES (80001, 10001);

INSERT INTO HUNTER_ASSOCIATION_BRANCH (BRANCHID, REGIONCODE) 
VALUES (80002, 10002);

INSERT INTO HUNTER_ASSOCIATION_BRANCH (BRANCHID, REGIONCODE) 
VALUES (80003, 10003);

INSERT INTO HUNTER_ASSOCIATION_EMPLOYEE (EMPLOYEEID, NAME, SALARY, HIREDATE, BRANCHID, EMPTYPE) 
VALUES (60001, 'Angelo', 10000, to_date('9-May-2000', 'DD-MON-RR'), 80001, 1);

INSERT INTO HUNTER_ASSOCIATION_EMPLOYEE (EMPLOYEEID, NAME, SALARY, HIREDATE, BRANCHID, EMPTYPE) 
VALUES (60002, 'Zuhair', 6000, to_date('9-May-2000', 'DD-MON-RR'), 80002, 1);

INSERT INTO HUNTER_ASSOCIATION_EMPLOYEE (EMPLOYEEID, NAME, SALARY, HIREDATE, BRANCHID, EMPTYPE) 
VALUES (60003, 'Harish', 12000, to_date('9-May-2000', 'DD-MON-RR'), 80003, 1);

INSERT INTO HUNTER_ASSOCIATION_EMPLOYEE (EMPLOYEEID, NAME, SALARY, HIREDATE, BRANCHID, EMPTYPE) 
VALUES (60004, 'Bing', 4000, to_date('9-May-2000', 'DD-MON-RR'), 80001, 2);

INSERT INTO HUNTER_ASSOCIATION_EMPLOYEE (EMPLOYEEID, NAME, SALARY, HIREDATE, BRANCHID, EMPTYPE) 
VALUES (60005, 'Jacob', 3000, to_date('9-May-2000', 'DD-MON-RR'), 80001, 2);

INSERT INTO HUNTER_ASSOCIATION_EMPLOYEE (EMPLOYEEID, NAME, SALARY, HIREDATE, BRANCHID, EMPTYPE) 
VALUES (60006, 'Leen', 3500, to_date('9-May-2000', 'DD-MON-RR'), 80002, 2);

INSERT INTO HUNTER_ASSOCIATION_EMPLOYEE (EMPLOYEEID, NAME, SALARY, HIREDATE, BRANCHID, EMPTYPE) 
VALUES (60007, 'Waleed', 2000, to_date('9-May-2000', 'DD-MON-RR'), 80002, 2);

INSERT INTO HUNTER_ASSOCIATION_EMPLOYEE (EMPLOYEEID, NAME, SALARY, HIREDATE, BRANCHID, EMPTYPE) 
VALUES (60008, 'Omar', 5000, to_date('9-May-2000', 'DD-MON-RR'), 80003, 2);

INSERT INTO HUNTER_ASSOCIATION_EMPLOYEE (EMPLOYEEID, NAME, SALARY, HIREDATE, BRANCHID, EMPTYPE) 
VALUES (60009, 'Wissam', 5000, to_date('9-May-2000', 'DD-MON-RR'), 80003, 2);

INSERT INTO MONSTER (MONSTERCODE, NAMETYPE, DIFFICULTYLEVEL, HEALTHPOINTS, WEAPON, ISBOSS, BASEDAMAGE, MONSTERCORECODE) 
VALUES (40001, 'Mother Dragon', 9, 9000, 'Claws', 'T', 1200, 1);

INSERT INTO MONSTER (MONSTERCODE, NAMETYPE, DIFFICULTYLEVEL, HEALTHPOINTS, WEAPON, ISBOSS, BASEDAMAGE, MONSTERCORECODE) 
VALUES (40002, 'Behemoth', 8, 7000, 'Claws', 'T', 800, 1);

INSERT INTO MONSTER (MONSTERCODE, NAMETYPE, DIFFICULTYLEVEL, HEALTHPOINTS, WEAPON, ISBOSS, BASEDAMAGE, MONSTERCORECODE) 
VALUES (40003, 'Kraken', 7, 7000, 'Tentacles', 'T', 400, 1);

INSERT INTO MONSTER (MONSTERCODE, NAMETYPE, DIFFICULTYLEVEL, HEALTHPOINTS, WEAPON, ISBOSS, BASEDAMAGE, MONSTERCORECODE) 
VALUES (40004, 'Chief Lizardman', 6, 3000, 'Spear', 'T', 500, 1);

INSERT INTO MONSTER (MONSTERCODE, NAMETYPE, DIFFICULTYLEVEL, HEALTHPOINTS, WEAPON, ISBOSS, BASEDAMAGE, MONSTERCORECODE) 
VALUES (40005, 'Orc Lord', 4, 4000, 'Mace', 'T', 250, 4);

INSERT INTO MONSTER (MONSTERCODE, NAMETYPE, DIFFICULTYLEVEL, HEALTHPOINTS, WEAPON, ISBOSS, BASEDAMAGE, MONSTERCORECODE) 
VALUES (40006, 'Goblin King', 3, 2000, 'Sword', 'T', 100, 3);

INSERT INTO MONSTER (MONSTERCODE, NAMETYPE, DIFFICULTYLEVEL, HEALTHPOINTS, WEAPON, ISBOSS, BASEDAMAGE, MONSTERCORECODE) 
VALUES (40007, 'Goblin', 1, 200, 'Dagger', 'F', 10, 5);

INSERT INTO MONSTER (MONSTERCODE, NAMETYPE, DIFFICULTYLEVEL, HEALTHPOINTS, WEAPON, ISBOSS, BASEDAMAGE, MONSTERCORECODE) 
VALUES (40008, 'Lizardman', 2, 300, 'Spear', 'F', 30, 5);

INSERT INTO MONSTER (MONSTERCODE, NAMETYPE, DIFFICULTYLEVEL, HEALTHPOINTS, WEAPON, ISBOSS, BASEDAMAGE, MONSTERCORECODE) 
VALUES (40009, 'Orc', 1, 1000, 'Club', 'F', 20, 5);

INSERT INTO MONSTER (MONSTERCODE, NAMETYPE, DIFFICULTYLEVEL, HEALTHPOINTS, WEAPON, ISBOSS, BASEDAMAGE, MONSTERCORECODE) 
VALUES (40010, 'Siren', 3, 300, 'Trident', 'F', 50, 2);

INSERT INTO MONSTER (MONSTERCODE, NAMETYPE, DIFFICULTYLEVEL, HEALTHPOINTS, WEAPON, ISBOSS, BASEDAMAGE, MONSTERCORECODE) 
VALUES (40011, 'Wyvern', 4, 800, 'Claws', 'F', 100, 3);

INSERT INTO MONSTER (MONSTERCODE, NAMETYPE, DIFFICULTYLEVEL, HEALTHPOINTS, WEAPON, ISBOSS, BASEDAMAGE, MONSTERCORECODE) 
VALUES (40012, 'Basilisk', 5, 2000, 'Claws', 'F', 80, 3);

INSERT INTO MONSTER (MONSTERCODE, NAMETYPE, DIFFICULTYLEVEL, HEALTHPOINTS, WEAPON, ISBOSS, BASEDAMAGE, MONSTERCORECODE) 
VALUES (40013, 'Drake', 6, 1000, 'Claws', 'F', 200, 4);

INSERT INTO REGION (REGIONCODE, REGIONNAME) 
VALUES (10001, 'Shadow Isles');

INSERT INTO REGION (REGIONCODE, REGIONNAME) 
VALUES (10002, 'Demacia');

INSERT INTO REGION (REGIONCODE, REGIONNAME) 
VALUES (10003, 'Freljord');

INSERT INTO SKILL_MOVES (SKILLMOVE, MONSTERCODE) 
VALUES ('Wing Attack', 40001);

INSERT INTO SKILL_MOVES (SKILLMOVE, MONSTERCODE) 
VALUES ('Dive Bomb', 40001);

INSERT INTO SKILL_MOVES (SKILLMOVE, MONSTERCODE) 
VALUES ('Fire Breath', 40001);

INSERT INTO SKILL_MOVES (SKILLMOVE, MONSTERCODE) 
VALUES ('Smashing Ground', 40002);

INSERT INTO SKILL_MOVES (SKILLMOVE, MONSTERCODE) 
VALUES ('Deafening Scream', 40002);

INSERT INTO SKILL_MOVES (SKILLMOVE, MONSTERCODE) 
VALUES ('Reckless Swing', 40002);

INSERT INTO SKILL_MOVES (SKILLMOVE, MONSTERCODE) 
VALUES ('Tentacle Madness', 40003);

INSERT INTO SKILL_MOVES (SKILLMOVE, MONSTERCODE) 
VALUES ('Deep Dive', 40003);

INSERT INTO SKILL_MOVES (SKILLMOVE, MONSTERCODE) 
VALUES ('Sonar Blast', 40003);

INSERT INTO SKILL_MOVES (SKILLMOVE, MONSTERCODE) 
VALUES ('Quick Stab', 40004);

INSERT INTO SKILL_MOVES (SKILLMOVE, MONSTERCODE) 
VALUES ('Whirlwind', 40004);

INSERT INTO SKILL_MOVES (SKILLMOVE, MONSTERCODE) 
VALUES ('Big Swing', 40005);

INSERT INTO SKILL_MOVES (SKILLMOVE, MONSTERCODE) 
VALUES ('Skull Bash', 40005);

INSERT INTO SKILL_MOVES (SKILLMOVE, MONSTERCODE) 
VALUES ('Sword Attack', 40006);

INSERT INTO SKILL_MOVES (SKILLMOVE, MONSTERCODE) 
VALUES ('Command Line', 40006);

INSERT INTO SKILL_MOVES (SKILLMOVE, MONSTERCODE) 
VALUES ('Sword Attack', 40007);

INSERT INTO SKILL_MOVES (SKILLMOVE, MONSTERCODE) 
VALUES ('Quick Stab', 40008);

INSERT INTO SKILL_MOVES (SKILLMOVE, MONSTERCODE) 
VALUES ('Big Swing', 40009);

INSERT INTO SKILL_MOVES (SKILLMOVE, MONSTERCODE) 
VALUES ('Banshee Cry', 40010);

INSERT INTO SKILL_MOVES (SKILLMOVE, MONSTERCODE) 
VALUES ('Seductive Charm', 40010);

INSERT INTO SKILL_MOVES (SKILLMOVE, MONSTERCODE) 
VALUES ('Flashing Swipe', 40011);

INSERT INTO SKILL_MOVES (SKILLMOVE, MONSTERCODE) 
VALUES ('Call to Gather', 40011);

INSERT INTO SKILL_MOVES (SKILLMOVE, MONSTERCODE) 
VALUES ('Glare', 40012);

INSERT INTO SKILL_MOVES (SKILLMOVE, MONSTERCODE) 
VALUES ('Rock Throw', 40012);

INSERT INTO SKILL_MOVES (SKILLMOVE, MONSTERCODE) 
VALUES ('Fire Breath', 40013);

INSERT INTO SKILL_MOVES (SKILLMOVE, MONSTERCODE) 
VALUES ('Claw Swipe', 40013);

INSERT INTO SPECIAL_ABILITIES (SPECIALABILITY, HUNTERID) 
VALUES ('Bolt Blast', 20001);

INSERT INTO SPECIAL_ABILITIES (SPECIALABILITY, HUNTERID) 
VALUES ('Life Drain', 20002);

INSERT INTO SPECIAL_ABILITIES (SPECIALABILITY, HUNTERID) 
VALUES ('Scatter Bomb', 20003);

INSERT INTO SPECIAL_ABILITIES (SPECIALABILITY, HUNTERID) 
VALUES ('Soldiers Rise', 20004);

INSERT INTO SPECIAL_ABILITIES (SPECIALABILITY, HUNTERID) 
VALUES ('Raging Bash', 20005);

INSERT INTO SPECIAL_ABILITIES (SPECIALABILITY, HUNTERID) 
VALUES ('Axe Spin', 20006);

INSERT INTO SPECIAL_ABILITIES (SPECIALABILITY, HUNTERID) 
VALUES ('Big Regen', 20007);

INSERT INTO SPECIAL_ABILITIES (SPECIALABILITY, HUNTERID) 
VALUES ('Parry Strike', 20008);

INSERT INTO SPECIAL_ABILITIES (SPECIALABILITY, HUNTERID) 
VALUES ('Judgment Sword', 20009);

INSERT INTO SPECIAL_ABILITIES (SPECIALABILITY, HUNTERID) 
VALUES ('Trueshot Barrage', 20010);

INSERT INTO SPECIAL_ABILITIES (SPECIALABILITY, HUNTERID) 
VALUES ('Rewind', 20011);

INSERT INTO SPECIAL_ABILITIES (SPECIALABILITY, HUNTERID) 
VALUES ('Call Dive', 20012);

INSERT INTO SPECIAL_ABILITIES (SPECIALABILITY, HUNTERID) 
VALUES ('Sawtooth', 20013);

INSERT INTO SPECIAL_ABILITIES (SPECIALABILITY, HUNTERID) 
VALUES ('Drink All', 20014);

INSERT INTO SPECIAL_ABILITIES (SPECIALABILITY, HUNTERID) 
VALUES ('Shotgun Blast', 20015);

INSERT INTO SPECIAL_ABILITIES (SPECIALABILITY, HUNTERID) 
VALUES ('Snap Snap', 20016);

INSERT INTO SPECIAL_ABILITIES (SPECIALABILITY, HUNTERID) 
VALUES ('Tentacle Slam', 20017);

INSERT INTO SPECIAL_ABILITIES (SPECIALABILITY, HUNTERID) 
VALUES ('Blade Dash', 20018);

INSERT INTO SPECIAL_ABILITIES (SPECIALABILITY, HUNTERID) 
VALUES ('Tornado', 20019);

INSERT INTO SPECIAL_ABILITIES (SPECIALABILITY, HUNTERID) 
VALUES ('Energy Blast', 20020);

INSERT INTO SPECIAL_ABILITIES (SPECIALABILITY, HUNTERID) 
VALUES ('Death Flower', 20021);

INSERT INTO SPECIAL_ABILITIES (SPECIALABILITY, HUNTERID) 
VALUES ('Rend', 20022);

INSERT INTO SPECIAL_ABILITIES (SPECIALABILITY, HUNTERID) 
VALUES ('Riftwalk', 20023);

INSERT INTO SPECIAL_ABILITIES (SPECIALABILITY, HUNTERID) 
VALUES ('Crunch Sweep', 20024);

INSERT INTO SPECIAL_ABILITIES (SPECIALABILITY, HUNTERID) 
VALUES ('Electrified Blast', 20025);

INSERT INTO SPECIAL_ABILITIES (SPECIALABILITY, HUNTERID) 
VALUES ('Run and Gun', 20026);

INSERT INTO SPECIAL_ABILITIES (SPECIALABILITY, HUNTERID) 
VALUES ('Ball Throw', 20027);

INSERT INTO SPECIAL_ABILITIES (SPECIALABILITY, HUNTERID) 
VALUES ('Dark Contract', 20028);

INSERT INTO SPECIAL_ABILITIES (SPECIALABILITY, HUNTERID) 
VALUES ('Chain Jail', 20029);

INSERT INTO SPECIAL_ABILITIES (SPECIALABILITY, HUNTERID) 
VALUES ('Spear Throw', 20030);

INSERT INTO SPECIAL_ABILITIES (SPECIALABILITY, HUNTERID) 
VALUES ('Sweeping Void', 20031);

INSERT INTO SPECIAL_ABILITIES (SPECIALABILITY, HUNTERID) 
VALUES ('Blinding Rage', 20032);

INSERT INTO SPECIAL_ABILITIES (SPECIALABILITY, HUNTERID) 
VALUES ('Horn Bomb', 20033);

INSERT INTO SPECIAL_ABILITIES (SPECIALABILITY, HUNTERID) 
VALUES ('Rising Sun', 20034);

INSERT INTO SPECIAL_ABILITIES (SPECIALABILITY, HUNTERID) 
VALUES ('X Marks the Spot', 20035);

INSERT INTO SPECIAL_ABILITIES (SPECIALABILITY, HUNTERID) 
VALUES ('Wall Bang', 20036);

INSERT INTO SPECIAL_ABILITIES (SPECIALABILITY, HUNTERID) 
VALUES ('Sonic Roll', 20037);

INSERT INTO SPECIAL_ABILITIES (SPECIALABILITY, HUNTERID) 
VALUES ('Bird Ride', 20038);

INSERT INTO SPECIAL_ABILITIES (SPECIALABILITY, HUNTERID) 
VALUES ('Joust', 20039);

INSERT INTO SPECIAL_ABILITIES (SPECIALABILITY, HUNTERID) 
VALUES ('Ultimate Sword', 20040);

INSERT INTO SPECIAL_ABILITIES (SPECIALABILITY, HUNTERID) 
VALUES ('Flurry Shots', 20041);

INSERT INTO SPECIAL_ABILITIES (SPECIALABILITY, HUNTERID) 
VALUES ('Ice Cage', 20042);

INSERT INTO SPECIAL_ABILITIES (SPECIALABILITY, HUNTERID) 
VALUES ('Morale Boost', 20043);

INSERT INTO SPECIAL_ABILITIES (SPECIALABILITY, HUNTERID) 
VALUES ('Instant Kill', 20044);

INSERT INTO SPECIAL_ABILITIES (SPECIALABILITY, HUNTERID) 
VALUES ('Earth Dragon', 20045);

INSERT INTO SPECIAL_ABILITIES (SPECIALABILITY, HUNTERID) 
VALUES ('Holy Barrier', 20046);

INSERT INTO SPECIAL_ABILITIES (SPECIALABILITY, HUNTERID) 
VALUES ('Sniped Shot', 20047);

INSERT INTO SPECIAL_ABILITIES (SPECIALABILITY, HUNTERID) 
VALUES ('Jump Slam', 20048);

INSERT INTO SPECIAL_ABILITIES (SPECIALABILITY, HUNTERID) 
VALUES ('Laser Blast', 20049);

INSERT INTO SPECIAL_ABILITIES (SPECIALABILITY, HUNTERID) 
VALUES ('Spin to Win', 20050);

INSERT INTO SPECIAL_ABILITIES (SPECIALABILITY, HUNTERID) 
VALUES ('Hasagi', 20051);

INSERT INTO SPECIAL_ABILITIES (SPECIALABILITY, HUNTERID) 
VALUES ('Fury of the Forest', 20052);

INSERT INTO SPECIAL_ABILITIES (SPECIALABILITY, HUNTERID) 
VALUES ('Death Duel', 20008);

INSERT INTO SPECIAL_ABILITIES (SPECIALABILITY, HUNTERID) 
VALUES ('Mystic Shot', 20010);

INSERT INTO SPECIAL_ABILITIES (SPECIALABILITY, HUNTERID) 
VALUES ('Parallel Convergence', 20011);

INSERT INTO SPECIAL_ABILITIES (SPECIALABILITY, HUNTERID) 
VALUES ('Buckshot', 20015);

INSERT INTO SPECIAL_ABILITIES (SPECIALABILITY, HUNTERID) 
VALUES ('Snipping Tool', 20016);

INSERT INTO SPECIAL_ABILITIES (SPECIALABILITY, HUNTERID) 
VALUES ('Kraken Killer', 20017);

INSERT INTO SPECIAL_ABILITIES (SPECIALABILITY, HUNTERID) 
VALUES ('Performance', 20021);

INSERT INTO SPECIAL_ABILITIES (SPECIALABILITY, HUNTERID) 
VALUES ('Sonic Speed', 20025);

INSERT INTO SPECIAL_ABILITIES (SPECIALABILITY, HUNTERID) 
VALUES ('From the Deep', 20029);

INSERT INTO SPECIAL_ABILITIES (SPECIALABILITY, HUNTERID) 
VALUES ('Cougar Form', 20030);

INSERT INTO SPECIAL_ABILITIES (SPECIALABILITY, HUNTERID) 
VALUES ('Head Rush', 20033);

INSERT INTO SPECIAL_ABILITIES (SPECIALABILITY, HUNTERID) 
VALUES ('Behind You', 20044);

INSERT INTO SPECIAL_ABILITIES (SPECIALABILITY, HUNTERID) 
VALUES ('Form Steal', 20048);

INSERT INTO SPECIAL_ABILITIES (SPECIALABILITY, HUNTERID) 
VALUES ('Chaos Storm', 20049);

INSERT INTO SPECIAL_ABILITIES (SPECIALABILITY, HUNTERID) 
VALUES ('Last Breath', 20051);

INSERT INTO RECEPTIONIST (EMPLOYEEID, AUTHORIZATIONLEVEL) 
VALUES (60001, 2);

INSERT INTO RECEPTIONIST (EMPLOYEEID, AUTHORIZATIONLEVEL) 
VALUES (60002, 1);

INSERT INTO RECEPTIONIST (EMPLOYEEID, AUTHORIZATIONLEVEL) 
VALUES (60003, 2);

INSERT INTO CONTAINS (DUNGEONCODE, MONSTERCODE) 
VALUES (50001, 40013);

INSERT INTO CONTAINS (DUNGEONCODE, MONSTERCODE) 
VALUES (50002, 40012);

INSERT INTO CONTAINS (DUNGEONCODE, MONSTERCODE) 
VALUES (50003, 40010);

INSERT INTO CONTAINS (DUNGEONCODE, MONSTERCODE) 
VALUES (50004, 40008);

INSERT INTO CONTAINS (DUNGEONCODE, MONSTERCODE) 
VALUES (50005, 40009);

INSERT INTO CONTAINS (DUNGEONCODE, MONSTERCODE) 
VALUES (50006, 40007);

INSERT INTO CONTAINS (DUNGEONCODE, MONSTERCODE) 
VALUES (50001, 40011);


--add referential integrity constraints


ALTER TABLE contains
    ADD CONSTRAINT contains_dungeon_fk FOREIGN KEY ( dungeoncode )
        REFERENCES dungeon ( dungeoncode );

ALTER TABLE contains
    ADD CONSTRAINT contains_monster_fk FOREIGN KEY ( monstercode )
        REFERENCES monster ( monstercode );

ALTER TABLE dungeon
    ADD CONSTRAINT dungeon_guild_fk FOREIGN KEY ( ownerid )
        REFERENCES guild ( guildid );

ALTER TABLE dungeon
    ADD CONSTRAINT dungeon_monster_fk FOREIGN KEY ( bosscode )
        REFERENCES monster ( monstercode );

ALTER TABLE dungeon
    ADD CONSTRAINT dungeon_region_fk FOREIGN KEY ( regioncode )
        REFERENCES region ( regioncode );

ALTER TABLE guide_helper
    ADD CONSTRAINT guide_helper_hae_fk FOREIGN KEY ( employeeid )
        REFERENCES hunter_association_employee ( employeeid );

ALTER TABLE guide_helper
    ADD CONSTRAINT guide_helper_hunter_fk FOREIGN KEY ( clientid )
        REFERENCES hunter ( hunterid );

ALTER TABLE guild
    ADD CONSTRAINT guild_hunter_fk FOREIGN KEY ( guildleaderid )
        REFERENCES hunter ( hunterid );

ALTER TABLE guild
    ADD CONSTRAINT guild_region_fk FOREIGN KEY ( regioncode )
        REFERENCES region ( regioncode );

ALTER TABLE hunter_association_branch
    ADD CONSTRAINT hab_region_fk FOREIGN KEY ( regioncode )
        REFERENCES region ( regioncode );

ALTER TABLE hunter_association_employee
    ADD CONSTRAINT hae_hab_fk FOREIGN KEY ( branchid )
        REFERENCES hunter_association_branch ( branchid );

ALTER TABLE hunter
    ADD CONSTRAINT hunter_guild_fk FOREIGN KEY ( guildid )
        REFERENCES guild ( guildid );

ALTER TABLE monster
    ADD CONSTRAINT monster_gem_fk FOREIGN KEY ( monstercorecode )
        REFERENCES gem ( gemcode );

ALTER TABLE receptionist
    ADD CONSTRAINT receptionist_hae_fk FOREIGN KEY ( employeeid )
        REFERENCES hunter_association_employee ( employeeid );

ALTER TABLE skill_moves
    ADD CONSTRAINT skill_moves_monster_fk FOREIGN KEY ( monstercode )
        REFERENCES monster ( monstercode );

ALTER TABLE special_abilities
    ADD CONSTRAINT special_abilities_hunter_fk FOREIGN KEY ( hunterid )
        REFERENCES hunter ( hunterid );

CREATE OR REPLACE TRIGGER arc_fkarc_1_receptionist BEFORE
    INSERT OR UPDATE OF employeeid ON receptionist
    FOR EACH ROW
DECLARE
    d INTEGER;
BEGIN
    SELECT
        a.emptype
    INTO d
    FROM
        hunter_association_employee a
    WHERE
        a.employeeid = :new.employeeid;

    IF ( d IS NULL OR d <> 1 ) THEN
        raise_application_error(-20223, 'FK Receptionist_HAE_FK in Table Receptionist violates Arc constraint on Table Hunter_Association_Employee - discriminator column EmpType doesn''t have value 1'
        );
    END IF;

EXCEPTION
    WHEN no_data_found THEN
        NULL;
    WHEN OTHERS THEN
        RAISE;
END;
/

CREATE OR REPLACE TRIGGER arc_fkarc_1_guide_helper BEFORE
    INSERT OR UPDATE OF employeeid ON guide_helper
    FOR EACH ROW
DECLARE
    d INTEGER;
BEGIN
    SELECT
        a.emptype
    INTO d
    FROM
        hunter_association_employee a
    WHERE
        a.employeeid = :new.employeeid;

    IF ( d IS NULL OR d <> 2 ) THEN
        raise_application_error(-20223, 'FK Guide_Helper_HAE_FK in Table Guide_Helper violates Arc constraint on Table Hunter_Association_Employee - discriminator column EmpType doesn''t have value 2'
        );
    END IF;

EXCEPTION
    WHEN no_data_found THEN
        NULL;
    WHEN OTHERS THEN
        RAISE;
END;
/

-- extra

select * from loginusers;
select * from hunter;
select * from guild;
select * from dungeon;
select * from monster;
select * from gem;
select * from contains;
select * from guide_helper;
select * from hunter_association_branch;
select * from hunter_association_employee;
select * from receptionist;
select * from region;
select * from skill_moves;
select * from special_abilities;

desc loginusers;
desc hunter;
desc guild;
desc dungeon;
desc monster;
desc gem;
desc contains;
desc guide_helper;
desc hunter_association_branch;
desc hunter_association_employee;
desc receptionist;
desc region;
desc skill_moves;
desc special_abilities;

insert into loginusers values('h','m','harish',0);


--guild leader drop down
select G.guildid from Guild G
where G.guildleaderid is null or G.guildleaderid = (select H.hunterid from Hunter H where H.hunterid = G.guildid);

select H.hunterid, H.name from Hunter H where H.guildid = (select G.guildid from Guild G where G.name = 'Fairy Tail');

select h.guildid, count(*) as "number" from hunter h group by h.guildid;

select g.regioncode, count(*) as "number" from guild g group by g.regioncode;

select r.regioncode from region r where exists (select g.regioncode from guild g where g.regioncode = r.regioncode);

--insert new guild guildleader
select h.hunterid from hunter h where h.guildid is null;

--update guild guildleader
(select h.hunterid from hunter h, guild g where h.guildid = g.guildid) union (select h.hunterid from hunter h where h.guildid is null);


INSERT INTO HUNTER (HUNTERID, NAME, CLASS, RANK, DATEJOINED, QUESTSCLEARED, MAINWEAPON, GUILDID) 
VALUES (20070, 'ashd', 'Ranger', 4, to_date('14-Jun-2002', 'DD-MON-RR'), 2, 'Crossbow', null);

INSERT INTO HUNTER (HUNTERID, NAME, CLASS, RANK, DATEJOINED, QUESTSCLEARED, MAINWEAPON, GUILDID) 
VALUES (20071, 'lkok', 'Tank', 3, to_date('8-Dec-2004', 'DD-MON-RR'), 1, 'Lance', null);

INSERT INTO HUNTER (HUNTERID, NAME, CLASS, RANK, DATEJOINED, QUESTSCLEARED, MAINWEAPON, GUILDID) 
VALUES (20072, 'Rivweween', 'Assassin', 3, to_date('14-Jun-2002', 'DD-MON-RR'), 2, 'Broken Blade', null);

INSERT INTO HUNTER (HUNTERID, NAME, CLASS, RANK, DATEJOINED, QUESTSCLEARED, MAINWEAPON, GUILDID) 
VALUES (20073, 'ytyiu', 'Ranger', 3, to_date('14-Jun-2002', 'DD-MON-RR'), 1, 'Gun', null);

INSERT INTO HUNTER (HUNTERID, NAME, CLASS, RANK, DATEJOINED, QUESTSCLEARED, MAINWEAPON, GUILDID) 
VALUES (20074, 'nungh', 'Tank', 2, to_date('14-Jun-2002', 'DD-MON-RR'), 2, 'Chained Mace', null);

update loginusers set username ='hi', password='no', name='hello',type=0 where username='h';

delete loginusers where username = 'h';
commit;
